gene_symbol,source
14-3-3epsilon,genage_models + starter
5-HT2A,genage_models + starter
AAC3,genage_models + starter
AAH1,genage_models + starter
AAT1,genage_models + starter
AAT2,genage_models + starter
ABP1,genage_models + starter
ACB1,genage_models + starter
ACH1,genage_models + starter
ACO2,genage_models + starter
ACS2,genage_models + starter
ADA2,genage_models + starter
ADD37,genage_models + starter
ADD66,genage_models + starter
ADE1,genage_models + starter
ADE12,genage_models + starter
ADE17,genage_models + starter
ADE2,genage_models + starter
ADE3,genage_models + starter
ADE4,genage_models + starter
"ADE5,7",genage_models + starter
ADE6,genage_models + starter
ADH1,genage_models + starter
ADH2,genage_models + starter
ADK1,genage_models + starter
ADR1,genage_models + starter
AEP1,genage_models + starter
AFG3,genage_models + starter
AGC1,genage_models + starter
AGP1,genage_models + starter
AIM24,genage_models + starter
AIM36,genage_models + starter
AKL1,genage_models + starter
AKR1,genage_models + starter
ALD3,genage_models + starter
ALD4,genage_models + starter
ALD6,genage_models + starter
ALG12,genage_models + starter
ALG3,genage_models + starter
ALG5,genage_models + starter
ALG6,genage_models + starter
ALT2,genage_models + starter
AMD1,genage_models + starter
AMN1,genage_models + starter
ANS1,genage_models + starter
APC10,genage_models + starter
APC5,genage_models + starter
APC9,genage_models + starter
APE3,genage_models + starter
APL2,genage_models + starter
APM1,genage_models + starter
APT1,genage_models + starter
AQR1,genage_models + starter
ARD1,genage_models + starter
ARF1,genage_models + starter
ARG2,genage_models + starter
ARK1,genage_models + starter
ARO7,genage_models + starter
ARP1,genage_models + starter
ASF1,genage_models + starter
ASG1,genage_models + starter
ATG1,genage_models + starter
ATG10,genage_models + starter
ATG12,genage_models + starter
ATG13,genage_models + starter
ATG14,genage_models + starter
ATG15,genage_models + starter
ATG16,genage_models + starter
ATG17,genage_models + starter
ATG18,genage_models + starter
ATG2,genage_models + starter
ATG21,genage_models + starter
ATG29,genage_models + starter
ATG5,genage_models + starter
ATG7,genage_models + starter
ATG8,genage_models + starter
ATG9,genage_models + starter
ATH1,genage_models + starter
ATP1,genage_models + starter
ATP18,genage_models + starter
ATP2,genage_models + starter
ATP3,genage_models + starter
ATP4,genage_models + starter
ATPCL,genage_models + starter
AVT1,genage_models + starter
Adcy5,genage_models + starter
Adra1a,genage_models + starter
Adra1b,genage_models + starter
Agtr1a,genage_models + starter
AhcyL1,genage_models + starter
AhcyL2,genage_models + starter
Akt1,genage_models + starter
Akt2,genage_models + starter
Apoe,genage_models + starter
Arhgap1,genage_models + starter
Arntl,genage_models + starter
Atg1,genage_models + starter
Atg2,genage_models + starter
Atg5,genage_models + starter
Atg7,genage_models + starter
Atg8a,genage_models + starter
Atm,genage_models + starter
Atr,genage_models + starter
Aut1,genage_models + starter
B0024.4,genage_models + starter
B0250.5,genage_models + starter
B0303.2,genage_models + starter
B0491.5,genage_models + starter
B0511.6,genage_models + starter
B0546.3,genage_models + starter
BAP2,genage_models + starter
BAS1,genage_models + starter
BCK1,genage_models + starter
BCS1,genage_models + starter
BCY1,genage_models + starter
BEM1,genage_models + starter
BIR1,genage_models + starter
BMH1,genage_models + starter
BMH2,genage_models + starter
BNA2,genage_models + starter
BNA6,genage_models + starter
BNI1,genage_models + starter
BOI2,genage_models + starter
BPH1,genage_models + starter
BPT1,genage_models + starter
BRE5,genage_models + starter
BSC1,genage_models + starter
BSC2,genage_models + starter
BST1,genage_models + starter
BUD6,genage_models + starter
BUG1,genage_models + starter
BUL2,genage_models + starter
Bax,genage_models + starter
Bmcp,genage_models + starter
Brca1,genage_models + starter
Bub1b,genage_models + starter
Bub3,genage_models + starter
C01F1.1,genage_models + starter
C03H5.3,genage_models + starter
C06A5.1,genage_models + starter
C07A9.2,genage_models + starter
C09B7.2,genage_models + starter
C11H1.3,genage_models + starter
C14A4.9,genage_models + starter
C18E9.10,genage_models + starter
C18E9.4,genage_models + starter
C26B2.2,genage_models + starter
C26B9.3,genage_models + starter
C27B7.7,genage_models + starter
C28H8.11,genage_models + starter
C29F9.1,genage_models + starter
C29F9.2,genage_models + starter
C33F10.12,genage_models + starter
C33H5.18,genage_models + starter
C34B2.6,genage_models + starter
C35A11.3,genage_models + starter
C36H8.1,genage_models + starter
C42C1.3,genage_models + starter
C46G7.2,genage_models + starter
C47D12.2,genage_models + starter
C47E12.2,genage_models + starter
C48E7.2,genage_models + starter
C56G2.1,genage_models + starter
CAJ1,genage_models + starter
CAN1,genage_models + starter
CAT5,genage_models + starter
CBP2,genage_models + starter
CBP4,genage_models + starter
CBP6,genage_models + starter
CBS1,genage_models + starter
CCS1,genage_models + starter
CDC13,genage_models + starter
CDC25,genage_models + starter
CDC26,genage_models + starter
CDC6,genage_models + starter
CDH1,genage_models + starter
CELE_C17H1.7,genage_models + starter
CELE_C25H3.9,genage_models + starter
CELE_C31B8.4,genage_models + starter
CELE_C32H11.1,genage_models + starter
CELE_C32H11.5,genage_models + starter
CELE_C33A12.1,genage_models + starter
CELE_D1054.14,genage_models + starter
CELE_D1054.8,genage_models + starter
CELE_E03H12.5,genage_models + starter
CELE_F11A3.2,genage_models + starter
CELE_F23F12.3,genage_models + starter
CELE_F29C4.2,genage_models + starter
CELE_F40F12.7,genage_models + starter
CELE_F43D2.1,genage_models + starter
CELE_F49F1.12,genage_models + starter
CELE_F52C6.2,genage_models + starter
CELE_F53F4.11,genage_models + starter
CELE_F53H1.3,genage_models + starter
CELE_F56D5.5,genage_models + starter
CELE_F59B2.8,genage_models + starter
CELE_F59C6.5,genage_models + starter
CELE_R02D3.3,genage_models + starter
CELE_R03D7.4,genage_models + starter
CELE_R05A10.5,genage_models + starter
CELE_T06G6.4,genage_models + starter
CELE_W09C5.8,genage_models + starter
CELE_Y39B6A.3,genage_models + starter
CELE_Y39F10C.1,genage_models + starter
CELE_Y39G10AR.8,genage_models + starter
CELE_Y41C4A.11,genage_models + starter
CELE_Y43F8B.12,genage_models + starter
CELE_Y46G5A.20,genage_models + starter
CELE_Y47G6A.18,genage_models + starter
CELE_Y47H9C.1,genage_models + starter
CELE_Y52B11A.9,genage_models + starter
CELE_Y53F4B.23,genage_models + starter
CELE_Y54E10BR.4,genage_models + starter
CELE_Y69A2AR.19,genage_models + starter
CELE_Y75B8A.13,genage_models + starter
CELE_Y75B8A.33,genage_models + starter
CG11165,genage_models + starter
CG13890,genage_models + starter
CG14207,genage_models + starter
CG17856,genage_models + starter
CG18809,genage_models + starter
CG2789,genage_models + starter
CG3776,genage_models + starter
CG42358,genage_models + starter
CG5389,genage_models + starter
CG9172,genage_models + starter
CG9940,genage_models + starter
CHD1,genage_models + starter
CHL1,genage_models + starter
CIT1,genage_models + starter
CIT2,genage_models + starter
CKA2,genage_models + starter
CLA4,genage_models + starter
CLB1,genage_models + starter
CLB2,genage_models + starter
CLG1,genage_models + starter
CLN3,genage_models + starter
COA6,genage_models + starter
COQ1,genage_models + starter
COQ10,genage_models + starter
COQ3,genage_models + starter
COQ5,genage_models + starter
COR1,genage_models + starter
COX11,genage_models + starter
COX23,genage_models + starter
CPS1,genage_models + starter
CRC1,genage_models + starter
CSG2,genage_models + starter
CSR2,genage_models + starter
CST26,genage_models + starter
CTA1,genage_models + starter
CTF4,genage_models + starter
CTH1,genage_models + starter
CTK1,genage_models + starter
CTR1,genage_models + starter
CTT1,genage_models + starter
CUP9,genage_models + starter
CWH43,genage_models + starter
CYB5,genage_models + starter
CYC1,genage_models + starter
CYC2,genage_models + starter
CYC3,genage_models + starter
CYR1,genage_models + starter
CYS4,genage_models + starter
CYT1,genage_models + starter
CYT2,genage_models + starter
Casp2,genage_models + starter
Cat,genage_models + starter
Cav1,genage_models + starter
Cbr-daf-2,genage_models + starter
Cbs,genage_models + starter
Cct1,genage_models + starter
Cdc14b,genage_models + starter
Cdk5,genage_models + starter
Cdk7,genage_models + starter
Cdkn1a,genage_models + starter
Cdkn2a,genage_models + starter
Cebpa,genage_models + starter
Cebpb,genage_models + starter
Chek2,genage_models + starter
Cisd2,genage_models + starter
Clock,genage_models + starter
Col1a1,genage_models + starter
Coq2,genage_models + starter
Coq7,genage_models + starter
Csnk1e,genage_models + starter
Ctf1,genage_models + starter
D1069.3,genage_models + starter
D2030.1,genage_models + starter
D2030.4,genage_models + starter
D2085.3,genage_models + starter
DAP2,genage_models + starter
DAS2,genage_models + starter
DBF2,genage_models + starter
DBP1,genage_models + starter
DBP3,genage_models + starter
DCN1,genage_models + starter
DCW1,genage_models + starter
DER1,genage_models + starter
DGR2,genage_models + starter
DID2,genage_models + starter
DIE2,genage_models + starter
DIF1,genage_models + starter
DJ-1alpha,genage_models + starter
DLP,genage_models + starter
DLS1,genage_models + starter
DNA2,genage_models + starter
DNApol-gamma35,genage_models + starter
DNF1,genage_models + starter
DNM1,genage_models + starter
DOA4,genage_models + starter
DOT1,genage_models + starter
DPB4,genage_models + starter
DPH1,genage_models + starter
DSS1,genage_models + starter
DUG1,genage_models + starter
DUG2,genage_models + starter
DUN1,genage_models + starter
DYN2,genage_models + starter
Dgat1,genage_models + starter
Dmd,genage_models + starter
Drp1,genage_models + starter
Dys,genage_models + starter
E(z),genage_models + starter
E01B7.1,genage_models + starter
E04A4.5,genage_models + starter
ECM33,genage_models + starter
ECM34,genage_models + starter
EFT1,genage_models + starter
EFT2,genage_models + starter
EGD1,genage_models + starter
EGD2,genage_models + starter
ELP3,genage_models + starter
ELP4,genage_models + starter
EMI1,genage_models + starter
ENV11,genage_models + starter
EOS1,genage_models + starter
ERG24,genage_models + starter
ERG5,genage_models + starter
ERG6,genage_models + starter
ERO1,genage_models + starter
ERV2,genage_models + starter
ESC2,genage_models + starter
ESL2,genage_models + starter
ETR1,genage_models + starter
EUG1,genage_models + starter
EXO1,genage_models + starter
EcR,genage_models + starter
Edem1,genage_models + starter
Eef1e1,genage_models + starter
Ef1alpha48D,genage_models + starter
Efemp1,genage_models + starter
Egm,genage_models + starter
Eif5a2,genage_models + starter
Eip71CD,genage_models + starter
Eps8,genage_models + starter
Ercc1,genage_models + starter
Ercc2,genage_models + starter
Ercc4,genage_models + starter
F01G4.6,genage_models + starter
F02A9.4,genage_models + starter
F08B4.7,genage_models + starter
F09F7.3,genage_models + starter
F09F7.4,genage_models + starter
F09F7.5,genage_models + starter
F11G11.13,genage_models + starter
F13B6.1,genage_models + starter
F13G3.7,genage_models + starter
F14B4.3,genage_models + starter
F15B9.6,genage_models + starter
F15D3.8,genage_models + starter
F19B6.1,genage_models + starter
F21H12.1,genage_models + starter
F22D3.5,genage_models + starter
F25B3.5,genage_models + starter
F26A3.4,genage_models + starter
F26E4.4,genage_models + starter
F26E4.6,genage_models + starter
F28B3.5,genage_models + starter
F33D4.5,genage_models + starter
F33H2.8,genage_models + starter
F35D2.3,genage_models + starter
F36A2.7,genage_models + starter
F37C4.4,genage_models + starter
F40F8.5,genage_models + starter
F42A6.1,genage_models + starter
F42G10.1,genage_models + starter
F45G2.8,genage_models + starter
F45H10.2,genage_models + starter
F49C12.9,genage_models + starter
F55B11.1,genage_models + starter
F55B11.3,genage_models + starter
F55B11.5,genage_models + starter
F56H1.7,genage_models + starter
F57B10.3,genage_models + starter
F58F9.7,genage_models + starter
FAR10,genage_models + starter
FAR7,genage_models + starter
FAR8,genage_models + starter
FAT1,genage_models + starter
FBP1,genage_models + starter
FCY1,genage_models + starter
FCY2,genage_models + starter
FCY21,genage_models + starter
FET3,genage_models + starter
FIG4,genage_models + starter
FIN1,genage_models + starter
FIS1,genage_models + starter
FLD1,genage_models + starter
FMC1,genage_models + starter
FMP16,genage_models + starter
FMP46,genage_models + starter
FMT1,genage_models + starter
FOB1,genage_models + starter
FOX2,genage_models + starter
FRE6,genage_models + starter
FTR1,genage_models + starter
FUM1,genage_models + starter
FUN12,genage_models + starter
FZF1,genage_models + starter
Fgf21,genage_models + starter
Fgf23,genage_models + starter
Fn1,genage_models + starter
Foxm1,genage_models + starter
Foxo1,genage_models + starter
Foxo3,genage_models + starter
Fxn,genage_models + starter
G6PD,genage_models + starter
GAL80,genage_models + starter
GAS1,genage_models + starter
GCN2,genage_models + starter
GCN4,genage_models + starter
GCN5,genage_models + starter
GDH3,genage_models + starter
GEP3,genage_models + starter
GET2,genage_models + starter
GFD2,genage_models + starter
GID7,genage_models + starter
GID8,genage_models + starter
GIN4,genage_models + starter
GIS1,genage_models + starter
GLK1,genage_models + starter
GLN3,genage_models + starter
GLaz,genage_models + starter
GMC2,genage_models + starter
GMFB,genage_models + starter
GPA2,genage_models + starter
GPB1,genage_models + starter
GPR1,genage_models + starter
GPT2,genage_models + starter
GPX2,genage_models + starter
GRE3,genage_models + starter
GSY2,genage_models + starter
GTR1,genage_models + starter
GUT2,genage_models + starter
GYP1,genage_models + starter
Gadd45,genage_models + starter
Gclc,genage_models + starter
Gclm,genage_models + starter
Gdf15,genage_models + starter
Gh,genage_models + starter
Ghr,genage_models + starter
Ghrh,genage_models + starter
Ghrhr,genage_models + starter
GlyP,genage_models + starter
GlyS,genage_models + starter
Gnmt,genage_models + starter
Gpdh,genage_models + starter
Gpx4,genage_models + starter
Gr63a,genage_models + starter
Grn,genage_models + starter
Gsk3a,genage_models + starter
GstS1,genage_models + starter
Gsta4,genage_models + starter
H06H21.8,genage_models + starter
H28O16.1,genage_models + starter
HAP3,genage_models + starter
HAP4,genage_models + starter
HAT1,genage_models + starter
HAT2,genage_models + starter
HCM1,genage_models + starter
HDA1,genage_models + starter
HDA2,genage_models + starter
HER2,genage_models + starter
HES1,genage_models + starter
HFA1,genage_models + starter
HIR1,genage_models + starter
HIR2,genage_models + starter
HIR3,genage_models + starter
HIS7,genage_models + starter
HMI1,genage_models + starter
HMT1,genage_models + starter
HNM1,genage_models + starter
HNT3,genage_models + starter
HPT1,genage_models + starter
HRB1,genage_models + starter
HRD1,genage_models + starter
HRD3,genage_models + starter
HRT3,genage_models + starter
HSE1,genage_models + starter
HSP104,genage_models + starter
HST1,genage_models + starter
HST2,genage_models + starter
HTD2,genage_models + starter
HXK2,genage_models + starter
HXT5,genage_models + starter
Hells,genage_models + starter
Hex-A,genage_models + starter
Hex-C,genage_models + starter
Hnrnpd,genage_models + starter
Hsc70-3,genage_models + starter
Hsp22,genage_models + starter
Hsp26,genage_models + starter
Hsp27,genage_models + starter
Hsp67Bc,genage_models + starter
Hsp68,genage_models + starter
Hsp70Ba,genage_models + starter
Htr1b,genage_models + starter
Htra2,genage_models + starter
Htt,genage_models + starter
IBA57,genage_models + starter
ICL1,genage_models + starter
IDH1,genage_models + starter
IDH2,genage_models + starter
IDP1,genage_models + starter
IDP2,genage_models + starter
IDP3,genage_models + starter
IKI3,genage_models + starter
IMG1,genage_models + starter
IMG2,genage_models + starter
INM1,genage_models + starter
INM2,genage_models + starter
INO4,genage_models + starter
INP51,genage_models + starter
INP53,genage_models + starter
INP54,genage_models + starter
IPK1,genage_models + starter
IPT1,genage_models + starter
ISC1,genage_models + starter
ISM1,genage_models + starter
ISW1,genage_models + starter
ISW2,genage_models + starter
ITC1,genage_models + starter
IZH3,genage_models + starter
Igf1,genage_models + starter
Igf1r,genage_models + starter
Ikbkb,genage_models + starter
Ilk,genage_models + starter
Ilp2,genage_models + starter
Ilp6,genage_models + starter
ImpL2,genage_models + starter
InR,genage_models + starter
Indy,genage_models + starter
Insr,genage_models + starter
Ire1,genage_models + starter
Irs1,genage_models + starter
Irs2,genage_models + starter
JID1,genage_models + starter
JNM1,genage_models + starter
Jafrac1,genage_models + starter
JhI-21,genage_models + starter
Jund,genage_models + starter
K01C8.7,genage_models + starter
K07H8.1,genage_models + starter
K07H8.8,genage_models + starter
K08E3.5,genage_models + starter
K10B4.3,genage_models + starter
K11B4.1,genage_models + starter
K11D12.9,genage_models + starter
K12H4.5,genage_models + starter
KAR3,genage_models + starter
KEX2,genage_models + starter
KGD1,genage_models + starter
KSS1,genage_models + starter
Kcna3,genage_models + starter
Keap1,genage_models + starter
Kl,genage_models + starter
LAG1,genage_models + starter
LAG2,genage_models + starter
LAS21,genage_models + starter
LAT1,genage_models + starter
LBR,genage_models + starter
LCB3,genage_models + starter
LCL1,genage_models + starter
LCL2,genage_models + starter
LCL3,genage_models + starter
LDB16,genage_models + starter
LDB19,genage_models + starter
LEU2,genage_models + starter
LEU3,genage_models + starter
LHS1,genage_models + starter
LIN1,genage_models + starter
LIP2,genage_models + starter
LOC1,genage_models + starter
LOS1,genage_models + starter
LPD1,genage_models + starter
LSB1,genage_models + starter
LSB3,genage_models + starter
LSB6,genage_models + starter
LSC1,genage_models + starter
LSC2,genage_models + starter
LSM6,genage_models + starter
LST7,genage_models + starter
LYS1,genage_models + starter
LYS12,genage_models + starter
LYS9,genage_models + starter
Lmna,genage_models + starter
Lnk,genage_models + starter
M05B5.2,genage_models + starter
M57.2,genage_models + starter
MAD2,genage_models + starter
MAK10,genage_models + starter
MAK3,genage_models + starter
MAL33,genage_models + starter
MBA1,genage_models + starter
MCA1,genage_models + starter
MCH5,genage_models + starter
MDH1,genage_models + starter
MDH2,genage_models + starter
MDM20,genage_models + starter
MEC1,genage_models + starter
MED1,genage_models + starter
MEP2,genage_models + starter
MEP3,genage_models + starter
MET14,genage_models + starter
MET16,genage_models + starter
MET17,genage_models + starter
MET2,genage_models + starter
MET5,genage_models + starter
MET6,genage_models + starter
MHP1,genage_models + starter
MIG1,genage_models + starter
MIR1,genage_models + starter
MIS1,genage_models + starter
MKK1,genage_models + starter
MKS1,genage_models + starter
MNE1,genage_models + starter
MNN1,genage_models + starter
MNN2,genage_models + starter
MNS1,genage_models + starter
MOH1,genage_models + starter
MON2,genage_models + starter
MPC1,genage_models + starter
MPD1,genage_models + starter
MPT5,genage_models + starter
MRE11,genage_models + starter
MRH4,genage_models + starter
MRP1,genage_models + starter
MRP2,genage_models + starter
MRP51,genage_models + starter
MRPL11,genage_models + starter
MRPL17,genage_models + starter
MRPL20,genage_models + starter
MRPL22,genage_models + starter
MRPL24,genage_models + starter
MRPL32,genage_models + starter
MRPL33,genage_models + starter
MRPL38,genage_models + starter
MRPL39,genage_models + starter
MRPL4,genage_models + starter
MRPL40,genage_models + starter
MRPL49,genage_models + starter
MRPL9,genage_models + starter
MRPS16,genage_models + starter
MRS2,genage_models + starter
MRS4,genage_models + starter
MRT4,genage_models + starter
MRX14,genage_models + starter
MSH2,genage_models + starter
MSH6,genage_models + starter
MSK1,genage_models + starter
MSS116,genage_models + starter
MSS18,genage_models + starter
MSW1,genage_models + starter
MTC1,genage_models + starter
MTC4,genage_models + starter
MTC5,genage_models + starter
MTC7,genage_models + starter
MTD1,genage_models + starter
MTF-1,genage_models + starter
MTM1,genage_models + starter
MTO1,genage_models + starter
MUB1,genage_models + starter
MUM2,genage_models + starter
MXR1,genage_models + starter
Mad,genage_models + starter
Mcm2,genage_models + starter
Men,genage_models + starter
Mgat5,genage_models + starter
Mif,genage_models + starter
Mir17,genage_models + starter
Mir29a,genage_models + starter
Mlp84B,genage_models + starter
Mnt,genage_models + starter
Mpk2,genage_models + starter
Mrp4,genage_models + starter
Msh2,genage_models + starter
Msra,genage_models + starter
Mstn,genage_models + starter
Mt1,genage_models + starter
Mt2,genage_models + starter
Mtbp,genage_models + starter
Mtor,genage_models + starter
Myc,genage_models + starter
NAM2,genage_models + starter
NAT4,genage_models + starter
NCR1,genage_models + starter
ND75,genage_models + starter
NDE1,genage_models + starter
NDE2,genage_models + starter
NDI1,genage_models + starter
NDT80,genage_models + starter
NEW1,genage_models + starter
NFU1,genage_models + starter
NIP100,genage_models + starter
NLaz,genage_models + starter
NMA111,genage_models + starter
NMD2,genage_models + starter
NMD4,genage_models + starter
NMT1,genage_models + starter
NNK1,genage_models + starter
NPF,genage_models + starter
NPL3,genage_models + starter
NPT1,genage_models + starter
NRK1,genage_models + starter
NSR1,genage_models + starter
NST1,genage_models + starter
NTH1,genage_models + starter
NUDT1,genage_models + starter
NUP170,genage_models + starter
NYV1,genage_models + starter
Naam,genage_models + starter
Nampt,genage_models + starter
Ncor2,genage_models + starter
Neil1,genage_models + starter
Nf1,genage_models + starter
Nfe2l2,genage_models + starter
Nfkb1,genage_models + starter
Nmdmc,genage_models + starter
Nos3,genage_models + starter
OM45,genage_models + starter
OMA1,genage_models + starter
OPI3,genage_models + starter
OPT2,genage_models + starter
OSH2,genage_models + starter
OSH6,genage_models + starter
OST3,genage_models + starter
OTC,genage_models + starter
Orco,genage_models + starter
PAA1,genage_models + starter
PAC10,genage_models + starter
PAU2,genage_models + starter
PCA1,genage_models + starter
PCH2,genage_models + starter
PCK1,genage_models + starter
PCL6,genage_models + starter
PCL7,genage_models + starter
PCP1,genage_models + starter
PDA1,genage_models + starter
PDC1,genage_models + starter
PDE2,genage_models + starter
PDR18,genage_models + starter
PDX3,genage_models + starter
PEP12,genage_models + starter
PET111,genage_models + starter
PET112,genage_models + starter
PET117,genage_models + starter
PET127,genage_models + starter
PET309,genage_models + starter
PET9,genage_models + starter
PEX14,genage_models + starter
PEX2,genage_models + starter
PEX25,genage_models + starter
PEX5,genage_models + starter
PEX6,genage_models + starter
PFA3,genage_models + starter
PFA5,genage_models + starter
PGA3,genage_models + starter
PHB1,genage_models + starter
PHB2,genage_models + starter
PHD1,genage_models + starter
PHO2,genage_models + starter
PHO23,genage_models + starter
PHO84,genage_models + starter
PHO85,genage_models + starter
PHO89,genage_models + starter
PIB1,genage_models + starter
PIM1,genage_models + starter
PIN3,genage_models + starter
PKH1,genage_models + starter
PKH2,genage_models + starter
PKH3,genage_models + starter
PMP1,genage_models + starter
PMP3,genage_models + starter
PMR1,genage_models + starter
PMS1,genage_models + starter
PMT1,genage_models + starter
PMT5,genage_models + starter
PMT7,genage_models + starter
PNC1,genage_models + starter
PNT1,genage_models + starter
PODANSg7134,genage_models + starter
POG1,genage_models + starter
POSH,genage_models + starter
PPA2,genage_models + starter
PPH3,genage_models + starter
PPZ1,genage_models + starter
PRE9,genage_models + starter
PRK1,genage_models + starter
PRS3,genage_models + starter
PRX1,genage_models + starter
PRY1,genage_models + starter
PSD1,genage_models + starter
PST2,genage_models + starter
PTC5,genage_models + starter
PTH1,genage_models + starter
PTK2,genage_models + starter
PUB1,genage_models + starter
PUN1,genage_models + starter
PXL1,genage_models + starter
Pappa,genage_models + starter
Parp1,genage_models + starter
Pawr,genage_models + starter
Pck1,genage_models + starter
Pcmt,genage_models + starter
Per2,genage_models + starter
Pex16,genage_models + starter
Pgam5,genage_models + starter
Pi3K92E,genage_models + starter
Pink1,genage_models + starter
Pka-C1,genage_models + starter
Plau,genage_models + starter
Polg,genage_models + starter
Pou1f1,genage_models + starter
Pparg,genage_models + starter
Ppm1d,genage_models + starter
Prdx1,genage_models + starter
Prkaa1,genage_models + starter
Prkaa2,genage_models + starter
Prkar2b,genage_models + starter
Prop1,genage_models + starter
Prp19,genage_models + starter
Prx5,genage_models + starter
Pten,genage_models + starter
QCR7,genage_models + starter
QCR8,genage_models + starter
QRI5,genage_models + starter
R07E4.3,genage_models + starter
R08E3.3,genage_models + starter
R10H10.7,genage_models + starter
R12B2.6,genage_models + starter
R12E2.2,genage_models + starter
R53.4,genage_models + starter
RAD10,genage_models + starter
RAD27,genage_models + starter
RAD34,genage_models + starter
RAD4,genage_models + starter
RAD50,genage_models + starter
RAD51,genage_models + starter
RAD52,genage_models + starter
RAD55,genage_models + starter
RAD57,genage_models + starter
RAD9,genage_models + starter
RAS1,genage_models + starter
RAS2,genage_models + starter
RAV1,genage_models + starter
RCM1,genage_models + starter
RCR2,genage_models + starter
RCY1,genage_models + starter
REC8,genage_models + starter
REG1,genage_models + starter
REI1,genage_models + starter
RFX1,genage_models + starter
RGS2,genage_models + starter
RGT1,genage_models + starter
RGT2,genage_models + starter
RHO5,genage_models + starter
RIF1,genage_models + starter
RIM1,genage_models + starter
RIM11,genage_models + starter
RIM15,genage_models + starter
RIM8,genage_models + starter
RIP1,genage_models + starter
RKR1,genage_models + starter
RLM1,genage_models + starter
RMD8,genage_models + starter
RMD9,genage_models + starter
RNH201,genage_models + starter
RNR3,genage_models + starter
ROM2,genage_models + starter
ROY1,genage_models + starter
RPD3,genage_models + starter
RPL10,genage_models + starter
RPL12A,genage_models + starter
RPL12B,genage_models + starter
RPL13A,genage_models + starter
RPL13B,genage_models + starter
RPL16B,genage_models + starter
RPL17B,genage_models + starter
RPL19A,genage_models + starter
RPL19B,genage_models + starter
RPL1B,genage_models + starter
RPL20A,genage_models + starter
RPL20B,genage_models + starter
RPL21A,genage_models + starter
RPL21B,genage_models + starter
RPL22A,genage_models + starter
RPL23A,genage_models + starter
RPL26A,genage_models + starter
RPL29,genage_models + starter
RPL2B,genage_models + starter
RPL31A,genage_models + starter
RPL33B,genage_models + starter
RPL34A,genage_models + starter
RPL34B,genage_models + starter
RPL35A,genage_models + starter
RPL35B,genage_models + starter
RPL37A,genage_models + starter
RPL37B,genage_models + starter
RPL39,genage_models + starter
RPL43A,genage_models + starter
RPL43B,genage_models + starter
RPL4A,genage_models + starter
RPL6A,genage_models + starter
RPL6B,genage_models + starter
RPL7A,genage_models + starter
RPL8B,genage_models + starter
RPL9A,genage_models + starter
RPL9B,genage_models + starter
RPN4,genage_models + starter
RPO31,genage_models + starter
RPO41,genage_models + starter
RPP1A,genage_models + starter
RPP1B,genage_models + starter
RPP2A,genage_models + starter
RPP2B,genage_models + starter
RPS0B,genage_models + starter
RPS10B,genage_models + starter
RPS11A,genage_models + starter
RPS12,genage_models + starter
RPS17A,genage_models + starter
RPS18A,genage_models + starter
RPS18B,genage_models + starter
RPS1B,genage_models + starter
RPS21B,genage_models + starter
RPS24A,genage_models + starter
RPS24B,genage_models + starter
RPS26B,genage_models + starter
RPS27A,genage_models + starter
RPS27B,genage_models + starter
RPS4A,genage_models + starter
RPS4B,genage_models + starter
RPS6A,genage_models + starter
RPS6B,genage_models + starter
RPS7A,genage_models + starter
RPT1,genage_models + starter
RPT2,genage_models + starter
RPT3,genage_models + starter
RPT5,genage_models + starter
RPT6,genage_models + starter
RRD2,genage_models + starter
RRG1,genage_models + starter
RRG7,genage_models + starter
RRG8,genage_models + starter
RRG9,genage_models + starter
RRM3,genage_models + starter
RRP8,genage_models + starter
RRT12,genage_models + starter
RSF2,genage_models + starter
RSM18,genage_models + starter
RSM24,genage_models + starter
RTC2,genage_models + starter
RTC6,genage_models + starter
RTG1,genage_models + starter
RTG2,genage_models + starter
RTG3,genage_models + starter
RTN1,genage_models + starter
RTT10,genage_models + starter
RTT107,genage_models + starter
RVS161,genage_models + starter
RXT2,genage_models + starter
Rae1,genage_models + starter
Rbm38,genage_models + starter
Rbp9,genage_models + starter
Rdh,genage_models + starter
Rictor,genage_models + starter
RpIIIC53,genage_models + starter
Rpd3,genage_models + starter
Rpi,genage_models + starter
Rps6kb1,genage_models + starter
S6k,genage_models + starter
SAC1,genage_models + starter
SAC6,genage_models + starter
SAG1,genage_models + starter
SAK1,genage_models + starter
SAL1,genage_models + starter
SAM1,genage_models + starter
SAP30,genage_models + starter
SAS3,genage_models + starter
SAS4,genage_models + starter
SCH9,genage_models + starter
SCJ1,genage_models + starter
SCP1,genage_models + starter
SCP160,genage_models + starter
SDH1,genage_models + starter
SDH2,genage_models + starter
SDH5,genage_models + starter
SDP1,genage_models + starter
SDS23,genage_models + starter
SDS3,genage_models + starter
SEC28,genage_models + starter
SEC66,genage_models + starter
SEG2,genage_models + starter
SET1,genage_models + starter
SET2,genage_models + starter
SET3,genage_models + starter
SFL1,genage_models + starter
SGF11,genage_models + starter
SGF29,genage_models + starter
SGF73,genage_models + starter
SGS1,genage_models + starter
SGT2,genage_models + starter
SHG1,genage_models + starter
SHM1,genage_models + starter
SHM2,genage_models + starter
SHY1,genage_models + starter
SIC1,genage_models + starter
SIF2,genage_models + starter
SIP1,genage_models + starter
SIP18,genage_models + starter
SIP2,genage_models + starter
SIP3,genage_models + starter
SIR2,genage_models + starter
SIR3,genage_models + starter
SIR4,genage_models + starter
SIS2,genage_models + starter
SIZ1,genage_models + starter
SKM1,genage_models + starter
SKN1,genage_models + starter
SKN7,genage_models + starter
SKO1,genage_models + starter
SLA1,genage_models + starter
SLX8,genage_models + starter
SMI1,genage_models + starter
SNA3,genage_models + starter
SNCA,genage_models + starter
SNF1,genage_models + starter
SNF1A,genage_models + starter
SNF3,genage_models + starter
SNF4,genage_models + starter
SNF4Agamma,genage_models + starter
SNX3,genage_models + starter
SNX41,genage_models + starter
SOD1,genage_models + starter
SOD2,genage_models + starter
SOD3,genage_models + starter
SOK1,genage_models + starter
SOL2,genage_models + starter
SOV1,genage_models + starter
SPAC1399.04c,genage_models + starter
SPAC17H9.08,genage_models + starter
SPAC23D3.03c,genage_models + starter
SPAC323.03c,genage_models + starter
SPAC3A12.09c,genage_models + starter
SPAC3H1.08c,genage_models + starter
SPAC8E11.05c,genage_models + starter
SPBC1198.07c,genage_models + starter
SPBC16A3.08c,genage_models + starter
SPBC16D10.08c,genage_models + starter
SPBC18H10.18c,genage_models + starter
SPBC1921.04c,genage_models + starter
SPBC1D7.01,genage_models + starter
SPBC3H7.03c,genage_models + starter
SPBC8E4.02c,genage_models + starter
SPBP35G2.11c,genage_models + starter
SPBP4H10.16c,genage_models + starter
SPC72,genage_models + starter
SPCC1235.11,genage_models + starter
SPCC320.03,genage_models + starter
SPCC594.01,genage_models + starter
SPCC594.02c,genage_models + starter
SPCC70.05c,genage_models + starter
SPCC794.03,genage_models + starter
SPE2,genage_models + starter
SPO22,genage_models + starter
SPP1,genage_models + starter
SPS1,genage_models + starter
SPS19,genage_models + starter
SPT10,genage_models + starter
SPT4,genage_models + starter
SPT8,genage_models + starter
SRO77,genage_models + starter
SRS2,genage_models + starter
SSA3,genage_models + starter
SSA4,genage_models + starter
SSC1,genage_models + starter
SSD1,genage_models + starter
SSF1,genage_models + starter
SSK1,genage_models + starter
SSK2,genage_models + starter
SSN3,genage_models + starter
SSO1,genage_models + starter
SSO2,genage_models + starter
SSP120,genage_models + starter
STE11,genage_models + starter
STF1,genage_models + starter
SUR1,genage_models + starter
SUV3,genage_models + starter
SWC3,genage_models + starter
SWC5,genage_models + starter
SWD1,genage_models + starter
SWD3,genage_models + starter
SWE1,genage_models + starter
SWF1,genage_models + starter
SWI5,genage_models + starter
SWI6,genage_models + starter
SWS2,genage_models + starter
SXM1,genage_models + starter
SYC1,genage_models + starter
SYH1,genage_models + starter
SYM1,genage_models + starter
SYS1,genage_models + starter
Scgdelta,genage_models + starter
SdhB,genage_models + starter
SdhC,genage_models + starter
Serpine1,genage_models + starter
Shc1,genage_models + starter
Siglece,genage_models + starter
Sir2,genage_models + starter
Sirt1,genage_models + starter
Sirt2,genage_models + starter
Sirt3,genage_models + starter
Sirt4,genage_models + starter
Sirt6,genage_models + starter
Sirt7,genage_models + starter
Slc13a1,genage_models + starter
Slc25a4,genage_models + starter
Smox,genage_models + starter
Socs2,genage_models + starter
Sod,genage_models + starter
Sod1,genage_models + starter
Sod2,genage_models + starter
Spargel,genage_models + starter
Sqstm1,genage_models + starter
Stat92E,genage_models + starter
Stub1,genage_models + starter
Su(var)205,genage_models + starter
Surf1,genage_models + starter
T02H6.11,genage_models + starter
T05A1.5,genage_models + starter
T07A9.8,genage_models + starter
T12E12.1,genage_models + starter
T15B12.1,genage_models + starter
T19B10.2,genage_models + starter
T20H4.5,genage_models + starter
T23D8.3,genage_models + starter
T25B9.1,genage_models + starter
T27E9.2,genage_models + starter
T27F7.1,genage_models + starter
T28A8.6,genage_models + starter
T28D6.4,genage_models + starter
TAE2,genage_models + starter
TAF14,genage_models + starter
TAL1,genage_models + starter
TAN1,genage_models + starter
TAT2,genage_models + starter
TCB3,genage_models + starter
TCM62,genage_models + starter
TDA5,genage_models + starter
TDH2,genage_models + starter
TED1,genage_models + starter
TGL3,genage_models + starter
THR4,genage_models + starter
TIF1,genage_models + starter
TIF2,genage_models + starter
TIF4631,genage_models + starter
TIF4632,genage_models + starter
TIS11,genage_models + starter
TLC1,genage_models + starter
TMA19,genage_models + starter
TOM1,genage_models + starter
TOM71,genage_models + starter
TOP1,genage_models + starter
TOR1,genage_models + starter
TOS3,genage_models + starter
TOS8,genage_models + starter
TPC1,genage_models + starter
TPK1,genage_models + starter
TPK2,genage_models + starter
TPK3,genage_models + starter
TPM1,genage_models + starter
TPO1,genage_models + starter
TRM44,genage_models + starter
TRM9,genage_models + starter
TRS85,genage_models + starter
TRX1,genage_models + starter
TSA1,genage_models + starter
TVP15,genage_models + starter
TVP23,genage_models + starter
TWF1,genage_models + starter
Terc,genage_models + starter
Terf2,genage_models + starter
Tert,genage_models + starter
Thor,genage_models + starter
Top3alpha,genage_models + starter
Top3b,genage_models + starter
Topors,genage_models + starter
Tor,genage_models + starter
Tpp2,genage_models + starter
Trp53,genage_models + starter
Trp53bp1,genage_models + starter
Trp63,genage_models + starter
Trp73,genage_models + starter
Trpv1,genage_models + starter
Trx-2,genage_models + starter
TrxT,genage_models + starter
Trxr-1,genage_models + starter
Tsc1,genage_models + starter
Tsc2,genage_models + starter
Tsp42Ef,genage_models + starter
Txn1,genage_models + starter
UAF30,genage_models + starter
UBC12,genage_models + starter
UBC8,genage_models + starter
UBI4,genage_models + starter
UBP14,genage_models + starter
UBP6,genage_models + starter
UBP8,genage_models + starter
UBR2,genage_models + starter
UBX2,genage_models + starter
UBX4,genage_models + starter
UCP2,genage_models + starter
UFD2,genage_models + starter
UGA1,genage_models + starter
UGA3,genage_models + starter
UME6,genage_models + starter
UMP1,genage_models + starter
UPF3,genage_models + starter
UPS2,genage_models + starter
URE2,genage_models + starter
URH1,genage_models + starter
USV1,genage_models + starter
UTH1,genage_models + starter
Ubd,genage_models + starter
Ucp2,genage_models + starter
VAB2,genage_models + starter
VAC17,genage_models + starter
VAC8,genage_models + starter
VAM10,genage_models + starter
VAM3,genage_models + starter
VAM7,genage_models + starter
VBA5,genage_models + starter
VHS1,genage_models + starter
VHS3,genage_models + starter
VID22,genage_models + starter
VID30,genage_models + starter
VMA1,genage_models + starter
VMA2,genage_models + starter
VMA21,genage_models + starter
VMA6,genage_models + starter
VMS1,genage_models + starter
VPH1,genage_models + starter
VPS20,genage_models + starter
VPS21,genage_models + starter
VPS24,genage_models + starter
VPS25,genage_models + starter
VPS27,genage_models + starter
VPS30,genage_models + starter
VPS34,genage_models + starter
VPS38,genage_models + starter
VPS41,genage_models + starter
VPS5,genage_models + starter
VPS62,genage_models + starter
VPS70,genage_models + starter
VPS75,genage_models + starter
VPS8,genage_models + starter
VRP1,genage_models + starter
VTA1,genage_models + starter
VhaSFD,genage_models + starter
Vinc,genage_models + starter
W03G1.5,genage_models + starter
W03G1.8,genage_models + starter
WHI2,genage_models + starter
WHI3,genage_models + starter
WSC4,genage_models + starter
Wrn,genage_models + starter
Xpa,genage_models + starter
Xrcc5,genage_models + starter
Xrcc6,genage_models + starter
Y24D9A.8,genage_models + starter
Y37D8A.12,genage_models + starter
Y39H10A.6,genage_models + starter
Y43C5A.3,genage_models + starter
Y43F4B.7,genage_models + starter
Y43H11AL.2,genage_models + starter
Y46G5A.6,genage_models + starter
Y46H3C.6,genage_models + starter
Y47D3A.29,genage_models + starter
Y48G1A.4,genage_models + starter
Y54E5A.7,genage_models + starter
Y54G9A.7,genage_models + starter
Y55F3AM.3,genage_models + starter
Y56A3A.19,genage_models + starter
Y56A3A.9,genage_models + starter
Y65B4BR.5,genage_models + starter
Y71H2AM.5,genage_models + starter
Y71H2AR.2,genage_models + starter
Y77E11A.7,genage_models + starter
YAK1,genage_models + starter
YBR056W,genage_models + starter
YBR225W,genage_models + starter
YBR238C,genage_models + starter
YBR284W,genage_models + starter
YCP4,genage_models + starter
YCR043C,genage_models + starter
YCR050C,genage_models + starter
YDC1,genage_models + starter
YDL057W,genage_models + starter
YDR089W,genage_models + starter
YDR124W,genage_models + starter
YDR132C,genage_models + starter
YDR248C,genage_models + starter
YDR262W,genage_models + starter
YER186C,genage_models + starter
YER187W,genage_models + starter
YFH1,genage_models + starter
YGL010W,genage_models + starter
YGL235W,genage_models + starter
YGR053C,genage_models + starter
YGR130C,genage_models + starter
YGR250C,genage_models + starter
YHC3,genage_models + starter
YHL008C,genage_models + starter
YIA6,genage_models + starter
YIH1,genage_models + starter
YIL077C,genage_models + starter
YJL147C,genage_models + starter
YKL023W,genage_models + starter
YKL069W,genage_models + starter
YKU70,genage_models + starter
YKU80,genage_models + starter
YLR312C,genage_models + starter
YLR422W,genage_models + starter
YLR460C,genage_models + starter
YME1,genage_models + starter
YMR010W,genage_models + starter
YMR018W,genage_models + starter
YMR084W,genage_models + starter
YMR099C,genage_models + starter
YMR166C,genage_models + starter
YNL190W,genage_models + starter
YNR066C,genage_models + starter
YOR012W,genage_models + starter
YOR052C,genage_models + starter
YOR1,genage_models + starter
YOS9,genage_models + starter
YPC1,genage_models + starter
YPK1,genage_models + starter
YPL150W,genage_models + starter
YPL225W,genage_models + starter
YPQ1,genage_models + starter
YPR011C,genage_models + starter
YPR153W,genage_models + starter
YPT6,genage_models + starter
YPT7,genage_models + starter
YSC84,genage_models + starter
YTA7,genage_models + starter
YUH1,genage_models + starter
YUR1,genage_models + starter
YVH1,genage_models + starter
ZC132.3,genage_models + starter
ZC395.10,genage_models + starter
ZDS1,genage_models + starter
ZDS2,genage_models + starter
ZIP1,genage_models + starter
ZK1127.5,genage_models + starter
ZK686.2,genage_models + starter
ZK809.3,genage_models + starter
ZTA1,genage_models + starter
ZWF1,genage_models + starter
Zmpste24,genage_models + starter
Zw,genage_models + starter
aak-2,genage_models + starter
aakb-1,genage_models + starter
aakb-2,genage_models + starter
aakg-2,genage_models + starter
aat-8,genage_models + starter
abcx-1,genage_models + starter
abu-11,genage_models + starter
acdh-13,genage_models + starter
ace-1,genage_models + starter
acl-11,genage_models + starter
acn-1,genage_models + starter
aco-2,genage_models + starter
acs-20,genage_models + starter
acs-4,genage_models + starter
acs-5,genage_models + starter
acs-7,genage_models + starter
adr-1,genage_models + starter
adr-2,genage_models + starter
age-1,genage_models + starter
agmo-1,genage_models + starter
aha-1,genage_models + starter
ain-1,genage_models + starter
aip-1,genage_models + starter
akt-1,genage_models + starter
alg-2,genage_models + starter
alh-6,genage_models + starter
alpha-Man-I,genage_models + starter
amt-2,genage_models + starter
ant-1.1,genage_models + starter
apl-1,genage_models + starter
apl1,genage_models + starter
apl3,genage_models + starter
aps-1,genage_models + starter
aps-3,genage_models + starter
aps2,genage_models + starter
apy-1,genage_models + starter
arf-1.1,genage_models + starter
argk-1,genage_models + starter
arl-8,genage_models + starter
arr-1,genage_models + starter
arx-4,genage_models + starter
asb-1,genage_models + starter
asb-2,genage_models + starter
asg-1,genage_models + starter
asg-2,genage_models + starter
ash-2,genage_models + starter
asm-3,genage_models + starter
atad-3,genage_models + starter
atf-6,genage_models + starter
atfs-1,genage_models + starter
atg-18,genage_models + starter
atg-3,genage_models + starter
atg-4.1,genage_models + starter
atg-4.2,genage_models + starter
atg-5,genage_models + starter
atg-7,genage_models + starter
atg-9,genage_models + starter
atg20,genage_models + starter
atp-2,genage_models + starter
atp-3,genage_models + starter
atp-4,genage_models + starter
atp-5,genage_models + starter
atx-3,genage_models + starter
babo,genage_models + starter
baf-1,genage_models + starter
bam,genage_models + starter
bar-1,genage_models + starter
bcat-1,genage_models + starter
bchs,genage_models + starter
bec-1,genage_models + starter
bet-1,genage_models + starter
blmp-1,genage_models + starter
bmk-1,genage_models + starter
bra-1,genage_models + starter
bsk,genage_models + starter
bub-3,genage_models + starter
bus-4,genage_models + starter
bus-8,genage_models + starter
calu-1,genage_models + starter
car,genage_models + starter
car2,genage_models + starter
cbs-1,genage_models + starter
cchl-1,genage_models + starter
cco-1,genage_models + starter
cco-2,genage_models + starter
ccr-4,genage_models + starter
cct-1,genage_models + starter
cct-4,genage_models + starter
cct-6,genage_models + starter
cct-8,genage_models + starter
cdc-25.1,genage_models + starter
cdc-25.3,genage_models + starter
cdc-48.1,genage_models + starter
cdk-7,genage_models + starter
cdtl-7,genage_models + starter
cec-3,genage_models + starter
ced-3,genage_models + starter
ceh-10,genage_models + starter
ceh-18,genage_models + starter
ceh-20,genage_models + starter
ceh-23,genage_models + starter
ceh-37,genage_models + starter
cel-1,genage_models + starter
cep-1,genage_models + starter
cert,genage_models + starter
cgt-2,genage_models + starter
chc-1,genage_models + starter
che-11,genage_models + starter
che-13,genage_models + starter
che-2,genage_models + starter
che-3,genage_models + starter
cher,genage_models + starter
chico,genage_models + starter
chk-1,genage_models + starter
chm,genage_models + starter
chn-1,genage_models + starter
cid-1,genage_models + starter
cit-1.2,genage_models + starter
cku-70,genage_models + starter
clec-186,genage_models + starter
clec-227,genage_models + starter
clk-1,genage_models + starter
clk-2,genage_models + starter
cm,genage_models + starter
cnb-1,genage_models + starter
col-93,genage_models + starter
cox1,genage_models + starter
cpn-3,genage_models + starter
cpna-3,genage_models + starter
crn-5,genage_models + starter
crol,genage_models + starter
crtc-1,genage_models + starter
csp-2,genage_models + starter
cst-1,genage_models + starter
ctbp-1,genage_models + starter
cth-1,genage_models + starter
cth-2,genage_models + starter
cua-1,genage_models + starter
cul-1,genage_models + starter
cup-4,genage_models + starter
cutl-28,genage_models + starter
cwp-4,genage_models + starter
cyc-1,genage_models + starter
cyc-2.1,genage_models + starter
cyk-3,genage_models + starter
cyp-13B1,genage_models + starter
cyp-33E2,genage_models + starter
cyp-42A1,genage_models + starter
daf-1,genage_models + starter
daf-10,genage_models + starter
daf-12,genage_models + starter
daf-14,genage_models + starter
daf-15,genage_models + starter
daf-16,genage_models + starter
daf-18,genage_models + starter
daf-19,genage_models + starter
daf-2,genage_models + starter
daf-28,genage_models + starter
daf-3,genage_models + starter
daf-4,genage_models + starter
daf-5,genage_models + starter
daf-6,genage_models + starter
daf-7,genage_models + starter
daf-8,genage_models + starter
daf-9,genage_models + starter
dagl-2,genage_models + starter
daw,genage_models + starter
dcr-1,genage_models + starter
dct-11,genage_models + starter
dct-12,genage_models + starter
dct-13,genage_models + starter
dct-14,genage_models + starter
dct-15,genage_models + starter
dct-18,genage_models + starter
ddl-1,genage_models + starter
ddl-2,genage_models + starter
ddl-3,genage_models + starter
des-2,genage_models + starter
dgk-5,genage_models + starter
dhs-21,genage_models + starter
dic-1,genage_models + starter
din-1,genage_models + starter
dis-3,genage_models + starter
dj-1beta,genage_models + starter
dkf-2,genage_models + starter
dlat-1,genage_models + starter
dld-1,genage_models + starter
dlk-1,genage_models + starter
dm,genage_models + starter
dnc,genage_models + starter
dnj-21,genage_models + starter
dod-17,genage_models + starter
dod-18,genage_models + starter
dod-19,genage_models + starter
dod-20,genage_models + starter
dod-21,genage_models + starter
dod-22,genage_models + starter
dod-23,genage_models + starter
dod-24,genage_models + starter
dor,genage_models + starter
dot-1.1,genage_models + starter
dpp,genage_models + starter
dpy-27,genage_models + starter
drl-1,genage_models + starter
drr-1,genage_models + starter
drr-2,genage_models + starter
dve-1,genage_models + starter
eak-7,genage_models + starter
eat-1,genage_models + starter
eat-18,genage_models + starter
eat-2,genage_models + starter
eat-3,genage_models + starter
eat-6,genage_models + starter
eef-1A.1,genage_models + starter
eef-2,genage_models + starter
egl-10,genage_models + starter
egl-18,genage_models + starter
egl-27,genage_models + starter
egl-3,genage_models + starter
egl-30,genage_models + starter
egl-45,genage_models + starter
egl-8,genage_models + starter
egl-9,genage_models + starter
eif-1,genage_models + starter
eif-3.B,genage_models + starter
eif-3.F,genage_models + starter
eif-3.K,genage_models + starter
elav,genage_models + starter
elc-1,genage_models + starter
elo-1,genage_models + starter
elo-2,genage_models + starter
elo-5,genage_models + starter
elt-6,genage_models + starter
emb-27,genage_models + starter
ent-5,genage_models + starter
epc-1,genage_models + starter
ergo-1,genage_models + starter
eri-1,genage_models + starter
erm-1,genage_models + starter
ero-1,genage_models + starter
esc,genage_models + starter
esg,genage_models + starter
ets-4,genage_models + starter
ets-9,genage_models + starter
exo-3,genage_models + starter
exos-3,genage_models + starter
fabp,genage_models + starter
fat-4,genage_models + starter
fat-7,genage_models + starter
fbp-1,genage_models + starter
fbxa-121,genage_models + starter
fbxa-188,genage_models + starter
fbxa-220,genage_models + starter
fgt-1,genage_models + starter
fh,genage_models + starter
fkh,genage_models + starter
fkh-7,genage_models + starter
fmo-2,genage_models + starter
foxo,genage_models + starter
frh-1,genage_models + starter
frp2,genage_models + starter
ftt-2,genage_models + starter
fwd,genage_models + starter
fzy-1,genage_models + starter
g,genage_models + starter
gas-1,genage_models + starter
gcy-18,genage_models + starter
gcy-28,genage_models + starter
gcy-6,genage_models + starter
gdh-1,genage_models + starter
gdi-1,genage_models + starter
gei-15,genage_models + starter
gei-4,genage_models + starter
ght5,genage_models + starter
gig,genage_models + starter
glf-1,genage_models + starter
glp-1,genage_models + starter
goa-1,genage_models + starter
gpa-1,genage_models + starter
gpa-10,genage_models + starter
gpa-11,genage_models + starter
gpa-15,genage_models + starter
gpa-2,genage_models + starter
gpa-3,genage_models + starter
gpa-5,genage_models + starter
gpa-6,genage_models + starter
gpa-8,genage_models + starter
gpa-9,genage_models + starter
gpc-1,genage_models + starter
gpd-2,genage_models + starter
gpd-3,genage_models + starter
gpi-1,genage_models + starter
grl-19,genage_models + starter
grld-1,genage_models + starter
gro-1,genage_models + starter
gsa-1,genage_models + starter
gsk3,genage_models + starter
gst-10,genage_models + starter
gst-5,genage_models + starter
gyp3,genage_models + starter
hcf-1,genage_models + starter
hebe,genage_models + starter
hel-1,genage_models + starter
hhat-2,genage_models + starter
hht1,genage_models + starter
hif-1,genage_models + starter
him-6,genage_models + starter
his-37,genage_models + starter
his-71,genage_models + starter
hk,genage_models + starter
hlb-1,genage_models + starter
hlh-30,genage_models + starter
hmg-4,genage_models + starter
hop,genage_models + starter
hpa-1,genage_models + starter
hpa-2,genage_models + starter
hpk-1,genage_models + starter
hpl-2,genage_models + starter
hpo-31,genage_models + starter
hrp-1,genage_models + starter
hsf-1,genage_models + starter
hsp-12.6,genage_models + starter
hsp-16.1,genage_models + starter
hsp-16.48,genage_models + starter
hsp-16.49,genage_models + starter
hsp-4,genage_models + starter
hsp-6,genage_models + starter
hsp70,genage_models + starter
htp-3,genage_models + starter
hus-1,genage_models + starter
hyl-1,genage_models + starter
idh-1,genage_models + starter
idha-1,genage_models + starter
ifa-3,genage_models + starter
ifd-1,genage_models + starter
ife-1,genage_models + starter
ife-2,genage_models + starter
iff-1,genage_models + starter
ifg-1,genage_models + starter
ifp-1,genage_models + starter
ifta-2,genage_models + starter
iftb-1,genage_models + starter
iglr-1,genage_models + starter
impt-1,genage_models + starter
inaE,genage_models + starter
inf-1,genage_models + starter
ins-1,genage_models + starter
ins-18,genage_models + starter
ins-21,genage_models + starter
ins-7,genage_models + starter
inx-14,genage_models + starter
inx-8,genage_models + starter
inx-9,genage_models + starter
ire-1,genage_models + starter
isp-1,genage_models + starter
itr-1,genage_models + starter
jkk-1,genage_models + starter
jmjd-2,genage_models + starter
jnk-1,genage_models + starter
kat-1,genage_models + starter
kermit,genage_models + starter
klf-1,genage_models + starter
klo-1,genage_models + starter
klo-2,genage_models + starter
kra,genage_models + starter
kri-1,genage_models + starter
ksp1,genage_models + starter
kuk,genage_models + starter
kynu-1,genage_models + starter
l(3)DTS3,genage_models + starter
l(3)neo18,genage_models + starter
lagr-1,genage_models + starter
lars-2,genage_models + starter
lbp-4,genage_models + starter
lbp-6,genage_models + starter
lbp-7,genage_models + starter
lbp-8,genage_models + starter
lbp-9,genage_models + starter
ldb-1,genage_models + starter
lem-2,genage_models + starter
let-23,genage_models + starter
let-363,genage_models + starter
let-418,genage_models + starter
let-502,genage_models + starter
let-60,genage_models + starter
let-630,genage_models + starter
let-653,genage_models + starter
let-7,genage_models + starter
let-765,genage_models + starter
letm-1,genage_models + starter
lgg-1,genage_models + starter
lin-11,genage_models + starter
lin-14,genage_models + starter
lin-15B,genage_models + starter
lin-2,genage_models + starter
lin-23,genage_models + starter
lin-28,genage_models + starter
lin-3,genage_models + starter
lin-4,genage_models + starter
lin-40,genage_models + starter
lin-5,genage_models + starter
lin-65,genage_models + starter
lip-1,genage_models + starter
lipl-4,genage_models + starter
lmn-1,genage_models + starter
loco,genage_models + starter
lpd-5,genage_models + starter
lpd-9,genage_models + starter
lpr-5,genage_models + starter
lsm-7,genage_models + starter
lt,genage_models + starter
lys-10,genage_models + starter
lys-6,genage_models + starter
lys-8,genage_models + starter
lys7,genage_models + starter
mag-1,genage_models + starter
magu,genage_models + starter
maoc-1,genage_models + starter
mars-1,genage_models + starter
max-1,genage_models + starter
max-2,genage_models + starter
mboa-1,genage_models + starter
mcm-2,genage_models + starter
mdh-1,genage_models + starter
mdh-2,genage_models + starter
mdl-1,genage_models + starter
mdt-15,genage_models + starter
mdt-26,genage_models + starter
mec-8,genage_models + starter
mecr-1,genage_models + starter
mek-2,genage_models + starter
mel-28,genage_models + starter
memo-1,genage_models + starter
mep-1,genage_models + starter
mes-1,genage_models + starter
mes-2,genage_models + starter
met-2,genage_models + starter
mev-1,genage_models + starter
mfn-1,genage_models + starter
mics-1,genage_models + starter
mir-124,genage_models + starter
mir-125,genage_models + starter
mir-14,genage_models + starter
mir-184,genage_models + starter
mir-238,genage_models + starter
mir-246,genage_models + starter
mir-277,genage_models + starter
mir-34,genage_models + starter
mir-71,genage_models + starter
mir-80,genage_models + starter
miro-1,genage_models + starter
mkk-4,genage_models + starter
mle,genage_models + starter
mml-1,genage_models + starter
mnk-1,genage_models + starter
moc3,genage_models + starter
mod-5,genage_models + starter
mpk-1,genage_models + starter
mpz-1,genage_models + starter
mpz-2,genage_models + starter
mrc1,genage_models + starter
mrp-5,genage_models + starter
mrpl-10,genage_models + starter
mrpl-12,genage_models + starter
mrpl-2,genage_models + starter
mrpl-24,genage_models + starter
mrpl-37,genage_models + starter
mrpl-47,genage_models + starter
mrpl-50,genage_models + starter
mrps-10,genage_models + starter
mrps-30,genage_models + starter
mrps-33,genage_models + starter
mrps-5,genage_models + starter
mrps-9,genage_models + starter
msh3,genage_models + starter
mtch-1,genage_models + starter
mth,genage_models + starter
mtl-2,genage_models + starter
mtm-3,genage_models + starter
mub,genage_models + starter
mug80,genage_models + starter
mvk-1,genage_models + starter
mxl-2,genage_models + starter
myo,genage_models + starter
mys,genage_models + starter
nac-2,genage_models + starter
nac-3,genage_models + starter
nars-1,genage_models + starter
nas-38,genage_models + starter
ncbp-2,genage_models + starter
ncs1,genage_models + starter
ndg-4,genage_models + starter
ndk-1,genage_models + starter
ndk1,genage_models + starter
nduf-2.2,genage_models + starter
nfi-1,genage_models + starter
nhr-119,genage_models + starter
nhr-14,genage_models + starter
nhr-154,genage_models + starter
nhr-23,genage_models + starter
nhr-25,genage_models + starter
nhr-265,genage_models + starter
nhr-49,genage_models + starter
nhr-77,genage_models + starter
nhr-8,genage_models + starter
nhx-2,genage_models + starter
nkcc-1,genage_models + starter
nlp-7,genage_models + starter
nnt-1,genage_models + starter
nol-1,genage_models + starter
nol-5,genage_models + starter
npa-1,genage_models + starter
npp-2,genage_models + starter
npp-3,genage_models + starter
npr-1,genage_models + starter
nrx-1,genage_models + starter
nstp-3,genage_models + starter
nsun-5,genage_models + starter
ntl-3,genage_models + starter
nuc-1,genage_models + starter
numr-1,genage_models + starter
numr-2,genage_models + starter
nuo-1,genage_models + starter
nuo-2,genage_models + starter
nuo-3,genage_models + starter
nuo-4,genage_models + starter
nuo-5,genage_models + starter
nuo-6,genage_models + starter
ocr-2,genage_models + starter
odr-2,genage_models + starter
odr-3,genage_models + starter
odr-7,genage_models + starter
ogdh-1,genage_models + starter
old-1,genage_models + starter
osm-1,genage_models + starter
osm-3,genage_models + starter
osm-5,genage_models + starter
osm-6,genage_models + starter
ovo,genage_models + starter
p38b,genage_models + starter
p53,genage_models + starter
pab-1,genage_models + starter
pab-2,genage_models + starter
pak-1,genage_models + starter
par-5,genage_models + starter
par1,genage_models + starter
park,genage_models + starter
pash-1,genage_models + starter
pat-10,genage_models + starter
pat-3,genage_models + starter
pat-4,genage_models + starter
pat-6,genage_models + starter
pbs-5,genage_models + starter
pcf-11,genage_models + starter
pch-2,genage_models + starter
pck-2,genage_models + starter
pcm-1,genage_models + starter
pdk-1,genage_models + starter
pdp-1,genage_models + starter
pef1,genage_models + starter
pep7,genage_models + starter
pept-1,genage_models + starter
pes-2.1,genage_models + starter
pfn-2,genage_models + starter
pghm-1,genage_models + starter
pgl-1,genage_models + starter
pha-4,genage_models + starter
phb-1,genage_models + starter
phb-2,genage_models + starter
php2,genage_models + starter
pka1,genage_models + starter
pkg-1,genage_models + starter
plb1,genage_models + starter
pme-1,genage_models + starter
pnc-1,genage_models + starter
pnk-1,genage_models + starter
pod-1,genage_models + starter
pos-1,genage_models + starter
ppk23,genage_models + starter
ppk28,genage_models + starter
ppr1,genage_models + starter
prdx-2,genage_models + starter
prdx-3,genage_models + starter
prx-5,genage_models + starter
ptr-23,genage_models + starter
puc,genage_models + starter
pup-2,genage_models + starter
pyc-1,genage_models + starter
qars-1,genage_models + starter
rab-10,genage_models + starter
rab-5,genage_models + starter
rab-7,genage_models + starter
rack-1,genage_models + starter
raga-1,genage_models + starter
ragc-1,genage_models + starter
ral-1,genage_models + starter
rars-1,genage_models + starter
rb,genage_models + starter
rbr-2,genage_models + starter
rcan-1,genage_models + starter
rcq-5,genage_models + starter
rdgA,genage_models + starter
reb1,genage_models + starter
rec-8,genage_models + starter
rha-2,genage_models + starter
rheb-1,genage_models + starter
rhi-1,genage_models + starter
rho-7,genage_models + starter
rho2,genage_models + starter
ric-4,genage_models + starter
rict-1,genage_models + starter
ril-1,genage_models + starter
ril-2,genage_models + starter
rla-0,genage_models + starter
rle-1,genage_models + starter
rnf-5,genage_models + starter
rnr-2,genage_models + starter
rpa-1,genage_models + starter
rpb-8,genage_models + starter
rpc-1,genage_models + starter
rpl-1,genage_models + starter
rpl-10,genage_models + starter
rpl-17,genage_models + starter
rpl-19,genage_models + starter
rpl-23,genage_models + starter
rpl-3,genage_models + starter
rpl-30,genage_models + starter
rpl-31,genage_models + starter
rpl-4,genage_models + starter
rpl-7,genage_models + starter
rpl-7A,genage_models + starter
rpl-9,genage_models + starter
rpn-11,genage_models + starter
rpn-6.1,genage_models + starter
rps-0,genage_models + starter
rps-10,genage_models + starter
rps-11,genage_models + starter
rps-12,genage_models + starter
rps-14,genage_models + starter
rps-15,genage_models + starter
rps-16,genage_models + starter
rps-20,genage_models + starter
rps-22,genage_models + starter
rps-23,genage_models + starter
rps-26,genage_models + starter
rps-3,genage_models + starter
rps-5,genage_models + starter
rps-6,genage_models + starter
rps-8,genage_models + starter
rpt-1,genage_models + starter
rsks-1,genage_models + starter
rsr-1,genage_models + starter
rsr-2,genage_models + starter
rut,genage_models + starter
ry,genage_models + starter
sac-1,genage_models + starter
sams-1,genage_models + starter
sams-2,genage_models + starter
sams-3,genage_models + starter
sas-5,genage_models + starter
sbds-1,genage_models + starter
sbt-1,genage_models + starter
sca-1,genage_models + starter
scd-2,genage_models + starter
sck2,genage_models + starter
scl-1,genage_models + starter
scl-20,genage_models + starter
scl-4,genage_models + starter
scl-8,genage_models + starter
sco-1,genage_models + starter
scrm-8,genage_models + starter
sdh1,genage_models + starter
sdh4,genage_models + starter
sel-5,genage_models + starter
sem-5,genage_models + starter
ser-1,genage_models + starter
ser-4,genage_models + starter
sesn-1,genage_models + starter
set-15,genage_models + starter
set-2,genage_models + starter
set-26,genage_models + starter
set-4,genage_models + starter
set-6,genage_models + starter
set-9,genage_models + starter
set9,genage_models + starter
sgk-1,genage_models + starter
shc-1,genage_models + starter
shd1,genage_models + starter
sid-2,genage_models + starter
sinh-1,genage_models + starter
sip-1,genage_models + starter
sir-2.1,genage_models + starter
skn-1,genage_models + starter
skr-1,genage_models + starter
skr-2,genage_models + starter
skr-5,genage_models + starter
slcf-1,genage_models + starter
sma-10,genage_models + starter
smg-1,genage_models + starter
smk-1,genage_models + starter
smn-1,genage_models + starter
snap-1,genage_models + starter
snap-29,genage_models + starter
snz,genage_models + starter
sod-1,genage_models + starter
sod-2,genage_models + starter
spe-26,genage_models + starter
spe-5,genage_models + starter
spg-7,genage_models + starter
spl-1,genage_models + starter
spo4,genage_models + starter
spp-17,genage_models + starter
spr-3,genage_models + starter
spt-4,genage_models + starter
sptf-3,genage_models + starter
sptl-1,genage_models + starter
srt-56,genage_models + starter
sru-17,genage_models + starter
srw-100,genage_models + starter
srw-20,genage_models + starter
srw-99,genage_models + starter
sug,genage_models + starter
sun,genage_models + starter
syd-2,genage_models + starter
symk-1,genage_models + starter
tag-174,genage_models + starter
tald-1,genage_models + starter
tars-1,genage_models + starter
tatn-1,genage_models + starter
tax-4,genage_models + starter
tax-6,genage_models + starter
tba-4,genage_models + starter
tba-7,genage_models + starter
tbb-2,genage_models + starter
tbc-7,genage_models + starter
tbp-1,genage_models + starter
tcer-1,genage_models + starter
tdp-1,genage_models + starter
teq,genage_models + starter
tert,genage_models + starter
tes-1,genage_models + starter
tfs1,genage_models + starter
tif213,genage_models + starter
timm-23,genage_models + starter
tin-44,genage_models + starter
tkt-1,genage_models + starter
tlf-1,genage_models + starter
tmem-135,genage_models + starter
to,genage_models + starter
tom-1,genage_models + starter
tomm-22,genage_models + starter
top-1,genage_models + starter
tpa-1,genage_models + starter
tps3,genage_models + starter
trh,genage_models + starter
trim-9,genage_models + starter
trpa-1,genage_models + starter
trx-1,genage_models + starter
try-1,genage_models + starter
tsp-3,genage_models + starter
ttm-5,genage_models + starter
ttr-1,genage_models + starter
ttr-5,genage_models + starter
ttx-1,genage_models + starter
ttx-3,genage_models + starter
tub-1,genage_models + starter
tufm-1,genage_models + starter
ubc-13,genage_models + starter
ubh-1,genage_models + starter
ubh-3,genage_models + starter
ubh-4,genage_models + starter
ucr-1,genage_models + starter
ucr-2.3,genage_models + starter
ufd-1,genage_models + starter
ule-1,genage_models + starter
ule-2,genage_models + starter
ule-3,genage_models + starter
ule-4,genage_models + starter
ule-5,genage_models + starter
ulp-1,genage_models + starter
unc-10,genage_models + starter
unc-13,genage_models + starter
unc-26,genage_models + starter
unc-31,genage_models + starter
unc-32,genage_models + starter
unc-36,genage_models + starter
unc-4,genage_models + starter
unc-51,genage_models + starter
unc-52,genage_models + starter
unc-60,genage_models + starter
unc-62,genage_models + starter
unc-64,genage_models + starter
unc-76,genage_models + starter
unc-83,genage_models + starter
usp-48,genage_models + starter
utx-1,genage_models + starter
vab-1,genage_models + starter
vang-1,genage_models + starter
vha-6,genage_models + starter
vhl-1,genage_models + starter
vit-1,genage_models + starter
vit-2,genage_models + starter
vit-5,genage_models + starter
vps-16,genage_models + starter
vps-20,genage_models + starter
vps-22,genage_models + starter
vps-33.1,genage_models + starter
vps-36,genage_models + starter
vps-37,genage_models + starter
vps66,genage_models + starter
vrk-1,genage_models + starter
wah-1,genage_models + starter
wdr-23,genage_models + starter
wdr-5.1,genage_models + starter
wip-1,genage_models + starter
wts-1,genage_models + starter
wwp-1,genage_models + starter
xbp-1,genage_models + starter
yars-1,genage_models + starter
yata,genage_models + starter
zfh-2,genage_models + starter
zfp-1,genage_models + starter
zrg17,genage_models + starter
ztf-12,genage_models + starter
